DELETE FROM craft_recipe_material_entity;
DELETE FROM craft_item_entity;
DELETE FROM craft_material_entity;
DELETE FROM craft_recipe_entity;

# 제작 아이템 테이블
INSERT INTO craft_item_entity (id, market_id, craft_name, market_name, sub_code, craft_quantity, bundle_count, craft_price, activity_price, exp, craft_time, icon_link, grade, current_min_price, recent_price, y_day_avg_price) VALUES
(1, 101042, '신호탄', '신호탄', 60400, 3, 1, 0, 2, 0, 10, 'https://cdn-lostark.game.onstove.com/efui_iconatlas/battle_item/battle_item_01_4.png', '고급', 4, 4, 4.5),
(2, 101935, '빛나는 신호탄', '빛나는 신호탄', 60400, 2, 1, 5, 72, 144, 900, 'https://cdn-lostark.game.onstove.com/efui_iconatlas/battle_item/battle_item_01_98.png', '고급', 18, 17, 0),
(3, 101015, '만능 물약', '만능 물약', 60400, 3, 1, 15, 144, 288, 1800, 'https://cdn-lostark.game.onstove.com/efui_iconatlas/battle_item/battle_item_01_17.png', '희귀', 13, 13, 12.9),
(4, 101929, '빛나는 만능 물약', '빛나는 만능 물약', 60400, 2, 1, 15, 216, 432, 2700, 'https://cdn-lostark.game.onstove.com/efui_iconatlas/battle_item/battle_item_01_92.png', '희귀', 30, 30, 30.4),
(5, 101916, '페로몬 정수', '페로몬 정수', 60400, 3, 1, 15, 144, 288, 1800, 'https://cdn-lostark.game.onstove.com/efui_iconatlas/battle_item/battle_item_01_78.png', '희귀', 12, 12, 16.5),
(6, 101915, '시간 정지 물약', '시간 정지 물약', 60400, 3, 1, 30, 288, 576, 3600, 'https://cdn-lostark.game.onstove.com/efui_iconatlas/battle_item/battle_item_01_76.png', '영웅', 16, 17, 16.9),
(7, 101191, '성스러운 부적', '성스러운 부적', 60400, 3, 1, 15, 144, 288, 1800, 'https://cdn-lostark.game.onstove.com/efui_iconatlas/battle_item/battle_item_01_51.png', '희귀', 24, 24, 24.4),
(8, 101938, '빛나는 성스러운 부적', '빛나는 성스러운 부적', 60400, 2, 1, 15, 216, 432, 2700, 'https://cdn-lostark.game.onstove.com/efui_iconatlas/battle_item/battle_item_01_101.png', '희귀', 60, 60, 59.3),
(9, 101940, '불꽃 마법 스크롤', '불꽃 마법 스크롤', 60400, 5, 1, 150, 216, 432, 2700, 'https://cdn-lostark.game.onstove.com/efui_iconatlas/battle_item/battle_item_01_115.png', '희귀', 50, 50, 51.1),
(10, 6854020, '[일품] 거장의 채끝 스테이크 정식', '[일품] 거장의 채끝 스테이크 정식', 70000, 10, 10, 80, 288, 576, 3600, 'https://cdn-lostark.game.onstove.com/efui_iconatlas/use/use_8_216.png', '희귀', 1316, 1316, 1312.9),
(11, 6854016, '[일품] 대가의 안심 스테이크 정식', '[일품] 대가의 안심 스테이크 정식', 70000, 10, 10, 65, 288, 576, 3600, 'https://cdn-lostark.game.onstove.com/efui_iconatlas/use/use_8_208.png', '희귀', 944, 944, 945.5),
(12, 6854012, '[일품] 명인의 허브 스테이크 정식', '[일품] 명인의 허브 스테이크 정식', 70000, 10, 10, 50, 288, 576, 3600, 'https://cdn-lostark.game.onstove.com/efui_iconatlas/use/use_8_215.png', '희귀', 390, 390, 389),
(13, 6854018, '[일품] 거장의 특제 스튜', '[일품] 거장의 특제 스튜', 70000, 10, 10, 65, 216, 432, 2700, 'https://cdn-lostark.game.onstove.com/efui_iconatlas/use/use_8_126.png', '고급', 687, 687, 688.6),
(14, 6854009, '[일품] 명인의 쫄깃한 꼬치구이', '[일품] 명인의 쫄깃한 꼬치구이', 70000, 10, 10, 35, 216, 432, 2700, 'https://cdn-lostark.game.onstove.com/efui_iconatlas/use/use_8_171.png', '고급', 213, 213, 215.2),
(15, 101211, '신속 로브', '신속 로브', 60500, 3, 1, 15, 144, 288, 1800, 'https://cdn-lostark.game.onstove.com/efui_iconatlas/battle_item/battle_item_01_52.png', '희귀', 17, 17, 16.5),
(16, 101934, '빛나는 신속 로브', '빛나는 신속 로브', 60500, 2, 1, 15, 216, 432, 2700, 'https://cdn-lostark.game.onstove.com/efui_iconatlas/battle_item/battle_item_01_97.png', '희귀', 46, 46, 46),
(17, 101101, '진군의 깃발', '진군의 깃발', 60500, 3, 1, 15, 144, 288, 1800, 'https://cdn-lostark.game.onstove.com/efui_iconatlas/battle_item/battle_item_01_14.png', '희귀', 21, 21, 21.6),
(18, 101939, '빛나는 진군의 깃발', '빛나는 진군의 깃발', 60500, 2, 1, 15, 216, 432, 2700, 'https://cdn-lostark.game.onstove.com/efui_iconatlas/battle_item/battle_item_01_102.png', '희귀', 55, 55, 0),
(19, 101072, '각성 물약', '각성 물약', 60500, 3, 1, 30, 288, 576, 3600, 'https://cdn-lostark.game.onstove.com/efui_iconatlas/battle_item/battle_item_01_10.png', '영웅', 26, 26, 25.1),
(20, 101291, '아드로핀 물약', '아드로핀 물약', 60500, 3, 1, 30, 288, 576, 3600, 'https://cdn-lostark.game.onstove.com/efui_iconatlas/battle_item/battle_item_01_72.png', '영웅', 32, 32, 32.7),
(21, 6861008, '오레하 융화 재료(고고학)', '오레하 융화 재료', 50010, 30, 1, 205, 216, 432, 2700, 'https://cdn-lostark.game.onstove.com/efui_iconatlas/use/use_9_71.png', '희귀', 11, 11, 10.8),
(22, 6861012, '아비도스 융화 재료(고고학)', '아비도스 융화 재료', 50010, 10, 1, 400, 288, 576, 3600, 'https://cdn-lostark.game.onstove.com/efui_iconatlas/use/use_12_86.png', '희귀', 70, 70, 69.8),
(23, 6861009, '상급 오레하 융화 재료(고고학)', '상급 오레하 융화 재료', 50010, 20, 1, 250, 288, 576, 3600, 'https://cdn-lostark.game.onstove.com/efui_iconatlas/use/use_8_109.png', '영웅', 19, 19, 19.9),
(24, 6861011, '최상급 오레하 융화 재료(고고학)', '최상급 오레하 융화 재료', 50010, 15, 1, 300, 360, 720, 4500, 'https://cdn-lostark.game.onstove.com/efui_iconatlas/use/use_11_29.png', '영웅', 47, 47, 46.6),
(25, 101231, '점토 수류탄', '점토 수류탄', 60300, 3, 1, 15, 144, 288, 1800, 'https://cdn-lostark.game.onstove.com/efui_iconatlas/battle_item/battle_item_01_54.png', '희귀', 16, 16, 14.5),
(26, 101922, '빛나는 점토 수류탄', '빛나는 점토 수류탄', 60300, 2, 1, 15, 216, 432, 2700, 'https://cdn-lostark.game.onstove.com/efui_iconatlas/battle_item/battle_item_01_85.png', '희귀', 33, 36, 0),
(27, 101011, '화염 수류탄', '화염 수류탄', 60300, 3, 1, 15, 144, 288, 1800, 'https://cdn-lostark.game.onstove.com/efui_iconatlas/battle_item/battle_item_01_1.png', '희귀', 18, 18, 16.1),
(28, 101919, '빛나는 화염 수류탄', '빛나는 화염 수류탄', 60300, 2, 1, 15, 216, 432, 2700, 'https://cdn-lostark.game.onstove.com/efui_iconatlas/battle_item/battle_item_01_82.png', '희귀', 34, 36, 0),
(29, 101151, '암흑 수류탄', '암흑 수류탄', 60300, 3, 1, 15, 144, 288, 1800, 'https://cdn-lostark.game.onstove.com/efui_iconatlas/battle_item/battle_item_01_47.png', '희귀', 18, 18, 18.5),
(30, 101924, '빛나는 암흑 수류탄', '빛나는 암흑 수류탄', 60300, 2, 1, 15, 216, 432, 2700, 'https://cdn-lostark.game.onstove.com/efui_iconatlas/battle_item/battle_item_01_87.png', '희귀', 50, 50, 49.7),
(31, 101221, '회오리 수류탄', '회오리 수류탄', 60300, 3, 1, 15, 144, 288, 1800, 'https://cdn-lostark.game.onstove.com/efui_iconatlas/battle_item/battle_item_01_53.png', '희귀', 19, 20, 19.4),
(32, 101923, '빛나는 회오리 수류탄', '빛나는 회오리 수류탄', 60300, 2, 1, 15, 216, 432, 2700, 'https://cdn-lostark.game.onstove.com/efui_iconatlas/battle_item/battle_item_01_86.png', '희귀', 45, 45, 44.9),
(33, 101912, '파괴 폭탄', '파괴 폭탄', 60300, 3, 1, 15, 144, 288, 1800, 'https://cdn-lostark.game.onstove.com/efui_iconatlas/battle_item/battle_item_01_21.png', '희귀', 22, 22, 21.7),
(34, 101171, '부식 폭탄', '부식 폭탄', 60300, 3, 1, 15, 144, 288, 1800, 'https://cdn-lostark.game.onstove.com/efui_iconatlas/battle_item/battle_item_01_49.png', '희귀', 23, 23, 22.5),
(35, 101261, '수면 폭탄', '수면 폭탄', 60300, 3, 1, 15, 144, 288, 1800, 'https://cdn-lostark.game.onstove.com/efui_iconatlas/battle_item/battle_item_01_69.png', '희귀', 24, 24, 21.9),
(36, 101271, '성스러운 폭탄', '성스러운 폭탄', 60300, 3, 1, 15, 144, 288, 1800, 'https://cdn-lostark.game.onstove.com/efui_iconatlas/battle_item/battle_item_01_70.png', '희귀', 24, 24, 23),
(37, 101925, '빛나는 수면 폭탄', '빛나는 수면 폭탄', 60300, 2, 1, 15, 216, 432, 2700, 'https://cdn-lostark.game.onstove.com/efui_iconatlas/battle_item/battle_item_01_88.png', '희귀', 37, 37, 27.8),
(38, 101926, '빛나는 파괴 폭탄', '빛나는 파괴 폭탄', 60300, 2, 1, 15, 216, 432, 2700, 'https://cdn-lostark.game.onstove.com/efui_iconatlas/battle_item/battle_item_01_89.png', '희귀', 37, 37, 38.6),
(39, 101927, '빛나는 부식 폭탄', '빛나는 부식 폭탄', 60300, 2, 1, 15, 216, 432, 2700, 'https://cdn-lostark.game.onstove.com/efui_iconatlas/battle_item/battle_item_01_90.png', '희귀', 54, 54, 54.1),
(40, 101928, '빛나는 성스러운 폭탄', '빛나는 성스러운 폭탄', 60300, 2, 1, 15, 216, 432, 2700, 'https://cdn-lostark.game.onstove.com/efui_iconatlas/battle_item/battle_item_01_91.png', '희귀', 58, 58, 56.7),
(41, 101061, '회복약', '회복약', 60200, 3, 1, 0, 2, 0, 10, 'https://cdn-lostark.game.onstove.com/efui_iconatlas/battle_item/battle_item_01_6.png', '고급', 4, 4, 4.2),
(42, 101062, '고급 회복약', '고급 회복약', 60200, 3, 1, 15, 144, 288, 1800, 'https://cdn-lostark.game.onstove.com/efui_iconatlas/battle_item/battle_item_01_7.png', '희귀', 14, 14, 14.1),
(43, 101063, '정령의 회복약', '정령의 회복약', 60200, 3, 1, 30, 288, 576, 3600, 'https://cdn-lostark.game.onstove.com/efui_iconatlas/battle_item/battle_item_01_8.png', '영웅', 35, 35, 34.5),
(44, 101917, '빛나는 정령의 회복약', '빛나는 정령의 회복약', 60200, 2, 1, 30, 360, 720, 4500, 'https://cdn-lostark.game.onstove.com/efui_iconatlas/battle_item/battle_item_01_80.png', '영웅', 76, 76, 76.4),
(45, 6861008, '오레하 융화 재료(낚시)', '오레하 융화 재료', 50010, 30, 1, 205, 216, 432, 2700, 'https://cdn-lostark.game.onstove.com/efui_iconatlas/use/use_9_71.png', '희귀', 11, 11, 10.8),
(46, 6861008, '오레하 융화 재료(수렵)', '오레하 융화 재료', 50010, 30, 1, 205, 216, 432, 2700, 'https://cdn-lostark.game.onstove.com/efui_iconatlas/use/use_9_71.png', '희귀', 11, 11, 10.8),
(47, 6861009, '상급 오레하 융화 재료(낚시)', '상급 오레하 융화 재료', 50010, 20, 1, 250, 288, 576, 3600, 'https://cdn-lostark.game.onstove.com/efui_iconatlas/use/use_8_109.png', '영웅', 19, 19, 19.9),
(48, 6861009, '상급 오레하 융화 재료(수렵)', '상급 오레하 융화 재료', 50010, 20, 1, 250, 288, 576, 3600, 'https://cdn-lostark.game.onstove.com/efui_iconatlas/use/use_8_109.png', '영웅', 19, 19, 19.9),
(49, 6861011, '최상급 오레하 융화 재료(낚시)', '최상급 오레하 융화 재료', 50010, 15, 1, 300, 360, 720, 4500, 'https://cdn-lostark.game.onstove.com/efui_iconatlas/use/use_11_29.png', '영웅', 47, 47, 46.6),
(50, 6861011, '최상급 오레하 융화 재료(수렵)', '최상급 오레하 융화 재료', 50010, 15, 1, 300, 360, 720, 4500, 'https://cdn-lostark.game.onstove.com/efui_iconatlas/use/use_11_29.png', '영웅', 47, 47, 46.6),
(51, 6861012, '아비도스 융화 재료(낚시)', '아비도스 융화 재료', 50010, 10, 1, 400, 288, 576, 3600, 'https://cdn-lostark.game.onstove.com/efui_iconatlas/use/use_12_86.png', '희귀', 70, 70, 69.8),
(52, 6861012, '아비도스 융화 재료(벌목)', '아비도스 융화 재료', 50010, 10, 1, 400, 288, 576, 3600, 'https://cdn-lostark.game.onstove.com/efui_iconatlas/use/use_12_86.png', '희귀', 70, 70, 69.8),
(53, 6861012, '아비도스 융화 재료(수렵)', '아비도스 융화 재료', 50010, 10, 1, 400, 288, 576, 3600, 'https://cdn-lostark.game.onstove.com/efui_iconatlas/use/use_12_86.png', '희귀', 70, 70, 69.8),
(54, 6861012, '아비도스 융화 재료(식물채집)', '아비도스 융화 재료', 50010, 10, 1, 400, 288, 576, 3600, 'https://cdn-lostark.game.onstove.com/efui_iconatlas/use/use_12_86.png', '희귀', 70, 70, 69.8),
(55, 6861012, '아비도스 융화 재료(채광)', '아비도스 융화 재료', 50010, 10, 1, 400, 288, 576, 3600, 'https://cdn-lostark.game.onstove.com/efui_iconatlas/use/use_12_86.png', '희귀', 70, 70, 69.8);


# 제작 재료 테이블
INSERT INTO craft_material_entity (id, market_id, market_name, sub_code, bundle_count, icon_link, grade, current_min_price, recent_price, y_day_avg_price) VALUES
(1, 6882101, '들꽃', 90200, 100, 'https://cdn-lostark.game.onstove.com/efui_iconatlas/use/use_8_46.png', '일반', 64, 64, 60),
(2, 6882104, '수줍은 들꽃', 90200, 100, 'https://cdn-lostark.game.onstove.com/efui_iconatlas/use/use_4_14.png', '고급', 167, 167, 162.9),
(3, 6882107, '화사한 들꽃', 90200, 100, 'https://cdn-lostark.game.onstove.com/efui_iconatlas/use/use_8_47.png', '희귀', 85, 85, 85.3),
(4, 6882109, '아비도스 들꽃', 90200, 100, 'https://cdn-lostark.game.onstove.com/efui_iconatlas/lifelevel/lifelevel_02_47.png', '희귀', 634, 634, 639.7),
(5, 6882301, '목재', 90200, 100, 'https://cdn-lostark.game.onstove.com/efui_iconatlas/use/use_3_252.png', '일반', 51, 51, 52),
(6, 6882304, '부드러운 목재', 90300, 100, 'https://cdn-lostark.game.onstove.com/efui_iconatlas/use/use_3_253.png', '고급', 107, 107, 104.2),
(7, 6884307, '튼튼한 목재', 90300, 100, 'https://cdn-lostark.game.onstove.com/efui_iconatlas/use/use_4_4.png', '희귀', 508, 510, 515.3),
(8, 6884308, '아비도스 목재', 90300, 100, 'https://cdn-lostark.game.onstove.com/efui_iconatlas/lifelevel/lifelevel_02_48.png', '희귀', 655, 662, 664.8),
(9, 6882401, '철광석', 90400, 100, 'https://cdn-lostark.game.onstove.com/efui_iconatlas/use/use_3_243.png', '일반', 55, 56, 57.2),
(10, 6882404, '묵직한 철광석', 90400, 100, 'https://cdn-lostark.game.onstove.com/efui_iconatlas/use/use_3_239.png', '고급', 100, 100, 105.9),
(11, 6884407, '단단한 철광석', 90400, 100, 'https://cdn-lostark.game.onstove.com/efui_iconatlas/use/use_5_76.png', '희귀', 530, 533, 535.5),
(12, 6884408, '아비도스 철광석', 90400, 100, 'https://cdn-lostark.game.onstove.com/efui_iconatlas/lifelevel/lifelevel_02_49.png', '희귀', 667, 666, 668),
(13, 6882501, '두툼한 생고기', 90500, 100, 'https://cdn-lostark.game.onstove.com/efui_iconatlas/use/use_2_192.png', '일반', 50, 50, 53.4),
(14, 6882504, '다듬은 생고기', 90500, 100, 'https://cdn-lostark.game.onstove.com/efui_iconatlas/use/use_2_196.png', '고급', 103, 100, 108.9),
(15, 6885508, '오레하 두툼한 생고기', 90500, 100, 'https://cdn-lostark.game.onstove.com/efui_iconatlas/use/use_8_67.png', '희귀', 500, 539, 489.4),
(16, 6885509, '아비도스 두툼한 생고기', 90500, 100, 'https://cdn-lostark.game.onstove.com/efui_iconatlas/lifelevel/lifelevel_02_51.png', '희귀', 677, 677, 680.2),
(17, 6882601, '생선', 90600, 100, 'https://cdn-lostark.game.onstove.com/efui_iconatlas/use/use_1_142.png', '일반', 53, 50, 53.8),
(18, 6882604, '붉은 살 생선', 90600, 100, 'https://cdn-lostark.game.onstove.com/efui_iconatlas/use/use_4_49.png', '고급', 105, 105, 105.5),
(19, 6885608, '오레하 태양 잉어', 90600, 100, 'https://cdn-lostark.game.onstove.com/efui_iconatlas/use/use_8_74.png', '희귀', 489, 489, 501.2),
(20, 6885609, '아비도스 태양 잉어', 90600, 100, 'https://cdn-lostark.game.onstove.com/efui_iconatlas/lifelevel/lifelevel_02_53.png', '희귀', 677, 677, 670.7),
(21, 6882701, '고대 유물', 90700, 100, 'https://cdn-lostark.game.onstove.com/efui_iconatlas/use/use_9_3.png', '일반', 51, 51, 52.4),
(22, 6882704, '희귀한 유물', 90700, 100, 'https://cdn-lostark.game.onstove.com/efui_iconatlas/use/use_9_4.png', '고급', 102, 102, 104.4),
(23, 6885708, '오레하 유물', 90700, 100, 'https://cdn-lostark.game.onstove.com/efui_iconatlas/use/use_9_11.png', '희귀', 585, 585, 576.3),
(24, 6885709, '아비도스 유물', 90700, 100, 'https://cdn-lostark.game.onstove.com/efui_iconatlas/lifelevel/lifelevel_02_55.png', '희귀', 677, 678, 675.7),
(25, 6885505, '진귀한 가죽', 90500, 100, 'https://cdn-lostark.game.onstove.com/efui_iconatlas/lifelevel/lifelevel_02_50.png', '희귀', 4, 4, 3.8),
(26, 6885705, '진귀한 유물', 90700, 100, 'https://cdn-lostark.game.onstove.com/efui_iconatlas/lifelevel/lifelevel_02_54.png', '희귀', 3, 4, 3.4),
(27, 101015, '만능 물약', 60400, 1, 'https://cdn-lostark.game.onstove.com/efui_iconatlas/battle_item/battle_item_01_17.png', '희귀', 13, 13, 12.9),
(28, 101191, '성스러운 부적', 60400, 1, 'https://cdn-lostark.game.onstove.com/efui_iconatlas/battle_item/battle_item_01_51.png', '희귀', 24, 24, 24.4),
(29, 101211, '신속 로브', 60500, 1, 'https://cdn-lostark.game.onstove.com/efui_iconatlas/battle_item/battle_item_01_52.png', '희귀', 17, 17, 16.5),
(30, 101101, '진군의 깃발', 60500, 1, 'https://cdn-lostark.game.onstove.com/efui_iconatlas/battle_item/battle_item_01_14.png', '희귀', 21, 21, 21.6),
(31, 101231, '점토 수류탄', 60300, 1, 'https://cdn-lostark.game.onstove.com/efui_iconatlas/battle_item/battle_item_01_54.png', '희귀', 16, 16, 14.5),
(32, 101011, '화염 수류탄', 60300, 1, 'https://cdn-lostark.game.onstove.com/efui_iconatlas/battle_item/battle_item_01_1.png', '희귀', 18, 18, 16.1),
(33, 101151, '암흑 수류탄', 60300, 1, 'https://cdn-lostark.game.onstove.com/efui_iconatlas/battle_item/battle_item_01_47.png', '희귀', 18, 18, 18.5),
(34, 101221, '회오리 수류탄', 60300, 1, 'https://cdn-lostark.game.onstove.com/efui_iconatlas/battle_item/battle_item_01_53.png', '희귀', 19, 20, 19.4),
(35, 101912, '파괴 폭탄', 60300, 1, 'https://cdn-lostark.game.onstove.com/efui_iconatlas/battle_item/battle_item_01_21.png', '희귀', 22, 22, 21.7),
(36, 101171, '부식 폭탄', 60300, 1, 'https://cdn-lostark.game.onstove.com/efui_iconatlas/battle_item/battle_item_01_49.png', '희귀', 23, 23, 22.5),
(37, 101261, '수면 폭탄', 60300, 1, 'https://cdn-lostark.game.onstove.com/efui_iconatlas/battle_item/battle_item_01_69.png', '희귀', 24, 24, 21.9),
(38, 101271, '성스러운 폭탄', 60300, 1, 'https://cdn-lostark.game.onstove.com/efui_iconatlas/battle_item/battle_item_01_70.png', '희귀', 24, 24, 23),
(39, 101042, '신호탄', 60400, 1, 'https://cdn-lostark.game.onstove.com/efui_iconatlas/battle_item/battle_item_01_4.png', '고급', 4, 4, 4.5),
(40, 101036, '정령의 회복약', 60200, 1, 'https://cdn-lostark.game.onstove.com/efui_iconatlas/battle_item/battle_item_01_8.png', '영웅', 35, 35, 34.5);


# 제작 레시피 테이블
INSERT INTO craft_recipe_entity (craft_item_id) VALUES
(1), (2), (3), (4), (5), (6), (7), (8), (9), (10), (11), (12), (13), (14), (15), (16), (17), (18), (19), (20), (21), (22), (23), (24), (25),
(26), (27), (28), (29), (30), (31), (32), (33), (34), (35), (36), (37), (38), (39), (40), (41), (42), (43), (44), (45), (46), (47), (48),(49),(50),(51),(52),(53),(54),(55);


# 제작 레시피 재료 테이블
INSERT INTO craft_recipe_material_entity (id, craft_recipe_id,craft_material_id,quantity) VALUES
(1, 1, 6, 20), (2, 1, 9, 36), (3, 2, 10, 20), (4, 2, 39, 3), (5, 3, 26, 5), (6, 3, 22, 19), (7, 3, 21, 38), (8, 4, 26, 10),
(9, 4, 27, 3), (10, 5, 25, 4), (11, 5, 14, 15), (12, 5, 21, 30), (13, 6, 26, 5), (14, 6, 22, 19), (15, 6, 21, 38), (16, 6, 6, 19),
(17, 7, 11, 4), (18, 7, 10, 14), (19, 7, 9, 28), (20, 8, 11, 4), (21, 8, 28, 3), (22, 9, 28, 3), (23, 10, 20, 75), (24, 10, 18, 97),
(25, 10, 17, 129), (26, 10, 16, 65), (27, 10, 14, 84), (28, 10, 13, 112), (29, 11, 19, 60), (30, 11, 18, 77), (31, 11, 17, 103),
(32, 11, 16, 53), (33, 11, 14, 68), (34, 11, 13, 90), (35, 12, 19, 13), (36, 12, 18, 50), (37, 12, 17, 100), (38, 12, 16, 12),
(39, 12, 14, 44), (40, 12, 13, 88), (41, 13, 19, 27), (42, 13, 18, 81), (43, 13, 17, 107), (44, 13, 16, 24), (45, 13, 14, 71),
(46, 13, 13, 94), (47, 14, 19, 7), (48, 14, 18, 26), (49, 14, 17, 53), (50, 14, 16, 6), (51, 14, 14, 22), (52, 14, 13, 45),
(53, 15, 25, 4), (54, 15, 14, 15), (55, 15, 13, 30), (56, 16, 25, 3), (57, 16, 29, 3), (58, 17, 6, 12), (59, 17, 11, 3),
(60, 17, 9, 25), (61, 18, 11, 4), (62, 18, 30, 3), (63, 19, 26, 8), (64, 19, 22, 24), (65, 19, 21, 32), (66, 20, 26, 6),
(67, 20, 22, 17), (68, 20, 21, 75), (69, 20, 2, 8), (70, 21, 23, 52), (71, 21, 22, 51), (72, 21, 21, 107), (73, 22, 24, 33),
(74, 22, 22, 45), (75, 22, 21, 86), (76, 23, 23, 16), (77, 23, 22, 29), (78, 23, 21, 94), (79, 24, 23, 52), (80, 24, 22, 51),
(81, 24, 21, 107), (82, 25, 7, 4), (83, 25, 6, 12), (84, 25, 5, 17), (85, 26, 7, 4), (86, 26, 31, 3), (87, 27, 7, 4), (88, 27, 6, 12),
(89, 27, 5, 17), (90, 28, 7, 4), (91, 28, 32, 3), (92, 29, 7, 4), (93, 29, 6, 12), (94, 29, 5, 17), (95, 30, 7, 4), (96, 30, 33, 3),
(97, 31, 7, 4), (98, 31, 6, 12), (99, 31, 5, 17), (100, 32, 7, 4), (101, 32, 34, 3), (102, 33, 11, 4), (103, 33, 10, 15), (104, 33, 9, 30),
(105, 34, 11, 4), (106, 34, 10, 15), (107, 34, 9, 30),(108, 35, 11, 4), (109, 35, 10, 15), (110, 35, 9, 30),
(111, 36, 11, 4), (112, 36, 10, 15), (113, 36, 9, 30),(114, 37, 11, 3), (115, 37, 37, 3),(116, 38, 11, 3), (117, 38, 35, 3),
(118, 40, 11, 3), (119, 40, 36, 3),(120, 41, 11, 3), (121, 41, 38, 3),(122, 42, 2, 5), (123, 42, 1, 10),(124, 42, 2, 9), (125, 42, 1, 19),
(126, 43, 3, 8), (127, 43, 2, 25), (128, 43, 1, 33),(129, 44, 3, 8), (130, 44, 40, 3),
(131, 45, 19, 10), (132, 45, 18, 40), (133, 45, 17, 80),(134, 46, 15, 10), (135, 46, 14, 40), (136, 46, 13, 80),(137, 47, 19, 16),
(138, 47, 18, 64), (139, 47, 17, 128),(140, 48, 15, 16), (141, 48, 14, 64), (142, 48, 13, 128),(143, 49, 19, 52), (144, 49, 18, 69),
(145, 49, 17, 142),(146, 50, 15, 52), (147, 50, 14, 69), (148, 50, 13, 142),(149, 51, 20, 33), (150, 51, 18, 45), (151, 51, 17, 86),
(152, 52, 8, 33), (153, 52, 6, 45), (154, 52, 5, 86),(155, 53, 16, 33), (156, 53, 14, 45), (157, 53, 13, 86),(158, 54, 4, 33), (159, 54, 2, 45),
(160, 54, 1, 86),(161, 55, 12, 33), (162, 55, 10, 45), (163, 55, 9, 86);
